month,revenue,profit,orders,customers
2024-01,1812320.69,532232.73,22039,17419
2024-02,1712408.88,503011.25,20874,16705
2024-03,1802152.54,525011.12,22108,17524
2024-04,1727955.96,503999.73,21274,16902
2024-05,1759567.0,515488.03,21866,17324
2024-06,1748169.84,505263.7,21385,17024
2024-07,1796896.07,522531.42,22097,17440
2024-08,1814068.85,535038.6,22066,17425
2024-09,1740959.02,506889.91,21288,16934
2024-10,1809716.37,526560.19,22193,17432
2024-11,1741215.56,508671.42,21157,16836
2024-12,1817419.22,532856.62,22292,17650
2025-01,1779873.95,521819.56,21818,17285
2025-02,1588137.14,462781.04,19754,15958
2025-03,1804358.85,526555.79,22191,17418
2025-04,1739994.7,505099.27,21322,16912
2025-05,1787022.62,532245.63,21981,17372
2025-06,1744525.96,508180.81,21564,17203
2025-07,1775705.52,516725.08,21982,17409
2025-08,1809916.3,533322.26,21966,17475
2025-09,1742904.19,513399.01,21292,16991
2025-10,1810450.79,527354.42,22042,17459
2025-11,1770523.65,518671.11,21491,17197
2025-12,1807245.69,530747.4,21958,17381
