product_id,category,revenue,profit,profit_margin,units
269,Electronics,1321593.49,577371.13,43.69,2676
164,Fashion,866145.22,403257.01,46.56,2733
248,Fashion,562502.77,110767.37,19.69,2588
153,Sports,512464.75,94855.09,18.51,2613
35,Sports,504912.08,121215.83,24.01,2625
19,Beauty,490044.78,103285.33,21.08,2695
235,Beauty,458829.71,233260.51,50.84,2780
59,Fashion,446967.32,24655.64,5.52,2688
140,Electronics,439307.26,170764.92,38.87,2671
218,Fashion,396693.31,155277.67,39.14,2754
11,Sports,396353.46,22014.39,5.55,2611
75,Electronics,390606.94,32853.28,8.41,2679
18,Sports,370215.17,26887.07,7.26,2755
214,Sports,357241.31,172080.01,48.17,2711
178,Sports,356313.65,54914.4,15.41,2825
58,Beauty,344909.24,153501.0,44.5,2572
135,Sports,336762.45,169189.67,50.24,2698
95,Electronics,326477.8,121469.77,37.21,2683
100,Home,318489.59,125715.02,39.47,2663
141,Beauty,314692.84,159376.28,50.65,2696
63,Electronics,308636.89,60401.09,19.57,2638
80,Sports,300077.93,148246.01,49.4,2647
9,Sports,298154.17,95586.2,32.06,2627
292,Home,298022.21,123631.28,41.48,2571
97,Sports,288673.59,62082.44,21.51,2603
162,Sports,281570.33,88886.07,31.57,2707
240,Fashion,268695.03,105604.83,39.3,2730
259,Electronics,267295.65,87148.3,32.6,2615
67,Home,261803.82,113058.3,43.18,2772
99,Beauty,257287.2,51499.8,20.02,2730
296,Fashion,253033.04,102361.2,40.45,2596
195,Sports,251332.86,43105.68,17.15,2762
31,Sports,250306.63,52196.17,20.85,2666
161,Beauty,246857.57,66497.93,26.94,2628
237,Sports,244948.16,107566.76,43.91,2470
104,Sports,237121.42,121505.92,51.24,2730
121,Fashion,235975.48,89666.79,38.0,2651
197,Fashion,234566.2,52548.1,22.4,2903
254,Home,231928.55,107911.43,46.53,2556
139,Electronics,229211.87,29696.19,12.96,2702
37,Home,226373.77,46307.53,20.46,2592
86,Beauty,225904.92,108704.65,48.12,2657
105,Fashion,222797.94,103220.79,46.33,2695
6,Electronics,219084.39,66615.09,30.41,2622
198,Home,218460.59,106454.71,48.73,2606
108,Sports,215624.47,27139.47,12.59,2530
191,Beauty,215564.2,13538.25,6.28,2653
179,Electronics,210149.18,15623.9,7.43,2664
98,Electronics,208247.9,89944.88,43.19,2682
132,Fashion,207974.2,102150.86,49.12,2602
246,Electronics,207494.02,17475.67,8.42,2655
147,Beauty,205605.95,70503.59,34.29,2687
151,Sports,202549.06,50624.68,24.99,2698
251,Electronics,200902.0,89200.48,44.4,2664
24,Beauty,199578.83,48600.92,24.35,2543
243,Sports,199544.2,14176.2,7.1,2720
284,Sports,199140.06,36832.02,18.5,2689
107,Sports,193863.36,66381.72,34.24,2717
60,Electronics,193510.57,77358.37,39.98,2595
93,Beauty,193294.63,49969.63,25.85,2730
94,Sports,192078.68,49616.28,25.83,2648
173,Fashion,186648.56,51996.54,27.86,2606
84,Electronics,184403.81,35507.27,19.26,2561
29,Sports,181908.01,44169.93,24.28,2686
276,Fashion,181207.12,57284.64,31.61,2657
192,Beauty,177909.03,86073.97,48.38,2734
250,Fashion,176704.08,25313.04,14.33,2643
12,Sports,175908.08,66708.72,37.92,2666
174,Beauty,175786.28,13953.8,7.94,2796
261,Beauty,174949.86,31902.41,18.24,2743
83,Beauty,174718.98,31490.4,18.02,2706
23,Beauty,174537.06,50110.48,28.71,2582
77,Beauty,173131.87,72611.23,41.94,2736
268,Fashion,172982.07,22758.67,13.16,2764
186,Fashion,172976.16,31300.28,18.1,2734
256,Electronics,172637.53,32063.61,18.57,2672
4,Electronics,170961.41,42273.59,24.73,2666
207,Fashion,169696.64,87563.0,51.6,2708
46,Beauty,168500.31,64796.79,38.45,2603
79,Home,167573.41,27064.33,16.15,2551
62,Sports,167378.59,34988.14,20.9,2619
278,Beauty,166928.66,68151.54,40.83,2704
266,Beauty,166644.39,85711.07,51.43,2626
55,Electronics,166253.35,39589.33,23.81,2646
45,Home,164435.9,72048.55,43.82,2651
49,Home,163529.0,54098.81,33.08,2649
136,Home,163069.65,69634.0,42.7,2695
274,Home,162371.56,68765.38,42.35,2874
181,Sports,159459.04,35053.03,21.98,2643
267,Home,157644.71,40699.31,25.82,2726
223,Sports,157212.01,75556.41,48.06,2665
211,Home,156336.88,39449.88,25.23,2612
110,Sports,155022.92,24254.12,15.65,2760
158,Home,153464.97,69327.52,45.17,2645
171,Electronics,151998.77,68538.82,45.09,2723
129,Electronics,151960.46,72572.16,47.76,2747
38,Beauty,150914.64,44314.8,29.36,2696
87,Beauty,150829.48,51596.42,34.21,2654
193,Sports,150262.12,27480.76,18.29,2668
295,Fashion,148892.78,8337.48,5.6,2657
287,Beauty,148877.65,19467.7,13.08,2671
215,Electronics,148025.03,15505.43,10.47,2620
234,Sports,147430.45,42425.81,28.78,2657
262,Home,146846.72,33680.0,22.94,2664
57,Sports,146052.65,35413.45,24.25,2576
196,Fashion,146004.11,40047.19,27.43,2641
96,Fashion,144809.94,31486.58,21.74,2732
26,Beauty,144782.85,48191.47,33.29,2803
257,Electronics,141207.13,13695.13,9.7,2520
247,Fashion,140381.92,17466.88,12.44,2608
81,Fashion,138429.56,15310.5,11.06,2654
64,Sports,137311.8,43642.25,31.78,2719
180,Electronics,137131.51,34298.75,25.01,2606
8,Electronics,135584.32,68594.02,50.59,2670
293,Electronics,135562.38,53324.62,39.34,2684
231,Fashion,133982.82,50375.94,37.6,2672
21,Home,133743.95,11045.71,8.26,2672
260,Sports,131838.43,36679.13,27.82,2495
219,Home,130788.33,59514.54,45.5,2631
241,Sports,129942.63,65382.11,50.32,2659
76,Sports,129617.62,28265.6,21.81,2702
131,Sports,128186.07,16078.75,12.54,2729
221,Home,127737.32,14445.72,11.31,2647
146,Sports,127176.97,36430.72,28.65,2625
106,Fashion,127133.16,15776.36,12.41,2720
169,Beauty,127026.18,41511.06,32.68,2628
159,Home,126377.9,38313.14,30.32,2643
183,Home,126343.24,18931.54,14.98,2690
300,Home,123814.93,20434.73,16.5,2695
258,Electronics,122532.92,23751.07,19.38,2659
130,Electronics,120469.53,8364.33,6.94,2721
16,Beauty,120097.44,12918.48,10.76,2751
109,Home,120034.51,59327.57,49.43,2786
263,Fashion,118819.65,32035.47,26.96,2667
92,Beauty,118073.8,13182.53,11.16,2783
28,Fashion,117914.91,20032.51,16.99,2695
202,Beauty,117437.58,29842.02,25.41,2652
71,Electronics,117392.85,30144.85,25.68,2660
167,Sports,117138.8,29184.12,24.91,2684
172,Beauty,116988.29,51386.69,43.92,2768
145,Beauty,116868.84,25466.1,21.79,2574
245,Beauty,115894.6,42064.99,36.3,2619
25,Sports,115336.37,16246.77,14.09,2720
166,Beauty,115020.75,54990.82,47.81,2641
123,Fashion,114612.47,49551.27,43.23,2615
265,Home,113349.02,25573.07,22.56,2715
52,Electronics,113261.43,42718.71,37.72,2648
111,Home,111295.34,53679.59,48.23,2649
227,Electronics,109718.14,9913.18,9.04,2718
91,Sports,108037.33,54258.37,50.22,2644
48,Beauty,108036.27,26241.27,24.29,2625
125,Fashion,107762.99,27399.47,25.43,2616
280,Sports,107552.09,8722.37,8.11,2538
182,Sports,106979.99,26458.15,24.73,2713
102,Beauty,106493.7,24578.05,23.08,2645
112,Sports,105541.11,31463.95,29.81,2657
138,Fashion,105388.14,8219.38,7.8,2789
286,Fashion,104965.46,25012.82,23.83,2658
116,Fashion,104845.91,28976.16,27.64,2585
39,Beauty,104500.29,49298.15,47.18,2471
127,Electronics,103753.27,23610.32,22.76,2755
7,Sports,103510.5,13227.3,12.78,2687
5,Home,102058.27,12765.83,12.51,2734
170,Sports,101004.8,9290.52,9.2,2564
298,Fashion,100970.32,51585.01,51.09,2733
143,Fashion,100745.68,48165.28,47.81,2580
157,Fashion,100689.15,49872.75,49.53,2703
252,Home,100653.6,20941.44,20.81,2728
72,Beauty,100231.94,32758.46,32.68,2724
30,Home,99873.49,9224.97,9.24,2663
10,Beauty,99222.1,34236.4,34.5,2631
150,Home,98227.09,28441.45,28.95,2682
299,Electronics,98093.09,14725.01,15.01,2602
120,Electronics,97079.17,17529.07,18.06,2745
33,Sports,95889.35,5997.86,6.25,2777
176,Beauty,95400.14,7821.74,8.2,2730
189,Electronics,95334.86,14925.93,15.66,2593
47,Electronics,94475.69,4508.89,4.77,2794
275,Beauty,92937.98,33962.02,36.54,2572
273,Fashion,91881.05,34874.05,37.96,2725
282,Electronics,91878.26,46931.3,51.08,2734
53,Sports,91702.76,40953.56,44.66,2664
291,Fashion,91423.02,4582.52,5.01,2650
272,Beauty,90295.57,10874.21,12.04,2776
264,Electronics,88878.44,36367.14,40.92,2686
90,Home,88837.14,6303.43,7.1,2611
194,Beauty,87429.32,30767.21,35.19,2649
222,Fashion,87236.0,40570.29,46.51,2699
285,Beauty,86942.31,39280.41,45.18,2626
101,Beauty,86906.55,16938.47,19.49,2548
56,Beauty,86664.18,41545.11,47.94,2637
225,Home,86585.57,30391.1,35.1,2637
232,Sports,86572.03,10847.29,12.53,2613
74,Electronics,86362.09,10492.81,12.15,2679
42,Fashion,86271.33,38123.56,44.19,2621
236,Sports,86159.84,8219.01,9.54,2563
220,Electronics,86061.15,40607.07,47.18,2688
142,Electronics,85618.51,25532.89,29.82,2709
41,Electronics,84924.21,41270.57,48.6,2698
152,Sports,83853.39,31189.91,37.2,2554
68,Home,83082.27,13088.67,15.75,2760
155,Beauty,82486.38,21866.8,26.51,2674
54,Sports,82452.4,14056.28,17.05,2554
270,Fashion,81930.74,38485.31,46.97,2667
66,Beauty,81327.4,4490.98,5.52,2502
289,Fashion,80527.14,33815.1,41.99,2598
212,Sports,79840.25,35090.3,43.95,2737
199,Electronics,79510.2,5254.6,6.61,2543
255,Fashion,78770.88,31966.92,40.58,2583
126,Electronics,78352.49,35222.06,44.95,2763
43,Sports,78027.82,10301.56,13.2,2583
229,Home,78000.19,40344.4,51.72,2711
89,Beauty,77924.42,20588.71,26.42,2683
249,Electronics,77680.39,16204.21,20.86,2643
206,Electronics,77573.76,13711.28,17.68,2728
213,Electronics,76309.77,30788.05,40.35,2692
230,Electronics,76305.88,12669.08,16.6,2566
27,Sports,75531.23,32012.98,42.38,2725
32,Beauty,74714.32,38471.68,51.49,2754
70,Fashion,74591.76,28959.43,38.82,2689
185,Beauty,73112.41,10899.09,14.91,2644
188,Sports,72392.3,36494.9,50.41,2695
205,Home,72088.93,14712.73,20.41,2660
288,Sports,71911.42,31360.93,43.61,2727
65,Electronics,71454.26,34754.15,48.64,2601
242,Beauty,71221.66,36324.76,51.0,2670
163,Fashion,71217.29,16897.77,23.73,2642
85,Sports,71212.11,8422.53,11.83,2646
113,Home,70723.92,5403.45,7.64,2589
239,Sports,68638.68,20312.68,29.59,2648
277,Electronics,68335.37,8975.37,13.13,2650
281,Home,67675.44,23119.46,34.16,2702
119,Home,67611.94,9288.08,13.74,2714
216,Sports,67539.02,27205.34,40.28,2556
177,Sports,66537.06,12810.66,19.25,2665
200,Home,65923.1,34399.16,52.18,2758
184,Beauty,65141.05,25649.65,39.38,2490
160,Electronics,64576.5,5591.1,8.66,2657
40,Sports,63135.6,4160.44,6.59,2647
228,Home,62875.57,29518.07,46.95,2750
118,Beauty,62731.21,22860.52,36.44,2729
124,Electronics,62190.11,12002.02,19.3,2671
13,Fashion,61018.11,19914.81,32.64,2645
149,Electronics,60930.42,26308.17,43.18,2613
69,Electronics,60727.82,27830.62,45.83,2653
253,Sports,60513.64,28795.6,47.59,2617
201,Fashion,60457.93,4540.75,7.51,2733
3,Beauty,60400.03,4369.28,7.23,2837
297,Beauty,60285.27,10573.32,17.54,2745
233,Home,59104.17,24796.82,41.95,2695
204,Electronics,58152.32,12760.94,21.94,2746
175,Beauty,58035.71,19507.76,33.61,2605
244,Electronics,57921.67,21341.99,36.85,2672
226,Sports,57020.66,4161.57,7.3,2671
154,Electronics,56446.93,6400.37,11.34,2672
187,Sports,55903.46,13340.84,23.86,2642
134,Beauty,55088.47,4721.77,8.57,2637
165,Home,54623.41,11561.2,21.17,2637
117,Beauty,54601.56,5242.5,9.6,2658
156,Electronics,53088.79,7986.04,15.04,2541
168,Home,52834.21,9730.05,18.42,2578
82,Home,51787.89,11512.68,22.23,2669
14,Beauty,51283.18,8297.84,16.18,2642
115,Sports,50937.53,18081.37,35.5,2768
208,Beauty,46433.11,2386.45,5.14,2786
50,Sports,46376.94,4906.02,10.58,2679
217,Beauty,45381.05,7714.85,17.0,2634
279,Electronics,45243.94,8225.58,18.18,2734
133,Beauty,45116.1,3623.18,8.03,2653
78,Beauty,44606.91,12348.09,27.68,2642
238,Electronics,43909.54,16616.74,37.84,2843
294,Home,43781.99,21916.79,50.06,2740
114,Sports,43653.18,21262.62,48.71,2556
1,Home,43227.23,22488.08,52.02,2711
190,Electronics,43100.14,19794.14,45.93,2710
15,Home,42955.91,4380.83,10.2,2582
128,Electronics,42428.51,12199.43,28.75,2716
73,Fashion,41194.74,2677.95,6.5,2769
51,Home,41114.53,12175.45,29.61,2764
20,Fashion,40553.49,4831.97,11.92,2698
210,Beauty,39242.01,13466.46,34.32,2745
17,Fashion,39106.86,13065.46,33.41,2660
271,Electronics,38921.71,2310.67,5.94,2571
209,Home,38272.96,8761.06,22.89,2710
224,Beauty,38110.98,19737.24,51.79,2706
144,Fashion,37173.82,15169.0,40.81,2843
290,Electronics,35188.27,15093.11,42.89,2603
22,Sports,32307.4,13328.78,41.26,2719
2,Home,31930.93,14115.58,44.21,2679
137,Electronics,31501.6,5958.04,18.91,2588
36,Home,31312.55,2830.35,9.04,2687
88,Sports,31084.76,8793.68,28.29,2676
283,Fashion,30142.85,3866.6,12.83,2695
34,Sports,29860.25,7276.28,24.37,2679
44,Fashion,28328.66,8173.44,28.85,2659
103,Electronics,28326.25,5140.07,18.15,2614
148,Beauty,27861.66,2326.1,8.35,2734
122,Sports,27488.49,10009.65,36.41,2578
61,Fashion,23856.51,4569.91,19.16,2642
203,Electronics,20409.6,8137.83,39.87,2709
